Spice,Cuisine,Origin
Adobo,Filipino,Philippines
Adobo,Latin American,Philippines
Adobo,South American,Philippines
Adobo,Mexican,Philippines
Adobo,Spanish,Philippines
Aji Panca Chiles,Asian,Peru
Aji Panca Chiles,Cajun,Peru
Aji Panca Chiles,Caribbean,Peru
Aji Panca Chiles,Chinese,Peru
Aji Panca Chiles,Indian,Peru
Aji Panca Chiles,Latin American,Peru
Aji Panca Chiles,Mexican,Peru
Aji Panca Chiles,Pakistani,Peru
Aji Panca Chiles,Southwestern American,Peru
Aji Panca Chiles,Thai,Peru
Mediterranean Aleppo Pepper,Mediterranean,Turkey
Mediterranean Aleppo Pepper,Middle Eastern,Turkey
Mediterranean Aleppo Pepper,Moroccan,Turkey
Mediterranean Aleppo Pepper,Turkish,Turkey
Ancho Chile,Cajun,Mexico
Ancho Chile,Caribbean,Mexico
Ancho Chile,Latin American,Mexico
Ancho Chile,Mexican,Mexico
Ancho Chile,Southwestern American,Mexico
Annatto,Caribbean,Latin American
Annatto,Latin American,Latin American
Annatto,Mexican,Latin American
Assam,Indian,India
Aji Amarillo Chile,Asian,Peru
Aji Amarillo Chile,Cajun,Peru
Aji Amarillo Chile,Caribbean,Peru
Aji Amarillo Chile,Chinese,Peru
Aji Amarillo Chile,Indian,Peru
Aji Amarillo Chile,Latin American,Peru
Aji Amarillo Chile,Mexican,Peru
Aji Amarillo Chile,Pakistani,Peru
Aji Amarillo Chile,Southwestern American,Peru
Aji Amarillo Chile,Thai,Peru
Allspice,Caribbean,Jamaica
Allspice,English,Jamaica
Allspice,European,Jamaica
Allspice,Indian,Jamaica
Allspice,Jamaican,Jamaica
Allspice,Mediterranean,Jamaica
Allspice,Mexican,Jamaica
Allspice,Middle Eastern,Jamaica
Allspice,Canadian,Jamaica
Allspice,American,Jamaica
Allspice,Caribbean,Jamaica
Aji Paprika Chiles,Asian,Peru
Aji Paprika Chiles,Cajun,Peru
Aji Paprika Chiles,Caribbean,Peru
Aji Paprika Chiles,Chinese,Peru
Aji Paprika Chiles,Indian,Peru
Aji Paprika Chiles,Latin American,Peru
Aji Paprika Chiles,Mexican,Peru
Aji Paprika Chiles,Pakistani,Peru
Aji Paprika Chiles,Southwestern American,Peru
Aji Paprika Chiles,Thai,Peru
Ancho Chile Peppers,Cajun,Mexico
Ancho Chile Peppers,Caribbean,Mexico
Ancho Chile Peppers,Latin American,Mexico
Ancho Chile Peppers,Mexican,Mexico
Ancho Chile Peppers,Southwestern American,Mexico
Anise Seed,Chinese,Mediterranean
Anise Seed,French,Mediterranean
Anise Seed,Indonesian,Mediterranean
Anise Seed,Mediterranean,Mediterranean
Anise Seed,Moroccan,Mediterranean
Arrowroot,American,Indonesia
Arrowroot,Caribbean,Indonesia
Arrowroot,South American,Indonesia
Basil,Asian,India
Basil,Cambodian,India
Basil,Italian,India
Basil,Mediterranean,India
Basil,Thai,India
Basil,Vietnamese,India
BBG Seasoning,American,United States of America
BBG Seasoning,Southwestern American,United States of America
BBG Seasoning,South American,United States of America
Birds Eye Chili,American,Ethiopia
Birds Eye Chili,Asian,Ethiopia
Birds Eye Chili,Cajun,Ethiopia
Birds Eye Chili,Caribbean,Ethiopia
Birds Eye Chili,Chinese,Ethiopia
Birds Eye Chili,Indian,Ethiopia
Birds Eye Chili,Latin American,Ethiopia
Birds Eye Chili,Mexican,Ethiopia
Birds Eye Chili,Pakistani,Ethiopia
Birds Eye Chili,Southwestern American,Ethiopia
Birds Eye Chili,Thai,Ethiopia
Black Garlic,Asian,Korean
Black Garlic,Chinese,Korean
Black Garlic,Indian,Korean
Black Garlic,Korean,Korean
Black Garlic,Thai,Korean
Black Garlic,Vietnamese,Korean
Black Peppercorns,American,Southeast Asian
Black Peppercorns,Asian,Southeast Asian
Black Peppercorns,European,Southeast Asian
Black Peppercorns,Indian,Southeast Asian
Bolete Mushroom Powder,Asian,Western European
Bolete Mushroom Powder,Chinese,Western European
Bolete Mushroom Powder,European,Western European
Bolete Mushroom Powder,French,Western European
Bamboo Mushrooms,American,China
Bamboo Mushrooms,Asian,China
Bamboo Mushrooms,Chinese,China
Bamboo Mushrooms,European,China
Bamboo Mushrooms,French,China
Bay Leaves,American,Mediterranean
Bay Leaves,European,Mediterranean
Bay Leaves,French,Mediterranean
Bay Leaves,Mediterranean,Mediterranean
Bay Leaves,Moroccan,Mediterranean
Bay Leaves,Turkish,Mediterranean
Hickory BBQ Seasoning,American,United States of America
Black Fungus,American,China
Black Fungus,Asian,China
Black Fungus,Chinese,China
Black Fungus,French,China
Black Pepper,American,India
Black Pepper,Asian,India
Black Pepper,European,India
Black Pepper,Indian,India
Black Truffle Salt,Mediterranean,European
Black Truffle Salt,European,European
Chile Bolete Mushrooms,American,Chile
Chile Bolete Mushrooms,Asian,Chile
Chile Bolete Mushrooms,Chilean,Chile
Chile Bolete Mushrooms,Chinese,Chile
Chile Bolete Mushrooms,European,Chile
Chile Bolete Mushrooms,French,Chile
Berbere Spice,Ethiopian,Ethiopian
Black Garlic Cloves,Chinese,Korean
Black Garlic Cloves,Indian,Korean
Black Garlic Cloves,Korean,Korean
Black Garlic Cloves,Vietnamese,Korean
Black Salt�,Indian,India
Black Salt�,Pakistani,India
Black Salt�,Bangledeshi,India
Black Trumpet Mushrooms,American,Bulgaria
Black Trumpet Mushrooms,Bulgarian,Bulgaria
Black Trumpet Mushrooms,Chinese,Bulgaria
Black Trumpet Mushrooms,French,Bulgaria
Blazei Brazilian Cap Mushrooms,American,Brazil
Blazei Brazilian Cap Mushrooms,Asian,Brazil
Blazei Brazilian Cap Mushrooms,Brazilian,Brazil
Blazei Brazilian Cap Mushrooms,Chinese,Brazil
Blazei Brazilian Cap Mushrooms,European,Brazil
Blazei Brazilian Cap Mushrooms,French,Brazil
Blazei Brazilian Cap Mushrooms,Japanese,Brazil
Blazei Brazilian Cap Mushrooms,Korean,Brazil
Blazei Brazilian Cap Mushrooms,Southeast Asian,Brazil
Cajun Blackening Seasoning,American,Cajun
Cajun Blackening Seasoning,Cajun,Cajun
Cajun Blackening Seasoning,Creole,Cajun
Cajun Blackening Seasoning,Southwestern American,Cajun
Canadian Steak Seasoning,Canadian,Canada
Caraway,Austrian,Turkey
Caraway,English,Turkey
Caraway,European,Turkey
Caraway,German,Turkey
Caraway,Hungarian,Turkey
Caraway,Moroccan,Turkey
Cardamom Seeds,Asian,India
Cardamom Seeds,Indian,India
Cardamom Seeds,Indonesian,India
Cardamom Seeds,North African,India
Cardamom Seeds,Scandinavian,India
Red Cardamom,Asian,India
Red Cardamom,Indian,India
Red Cardamom,Indonesian,India
Red Cardamom,North African,India
Red Cardamom,Scandinavian,India
Cassia Bark,American,China
Cassia Bark,Asian,China
Cassia Bark,Chinese,China
Cassia Bark,Indian,China
Cassia Bark,Indonesian,China
Cassia Bark,Spanish,China
Cayenne Pepper,Asian,French Guiana
Cayenne Pepper,Cajun,French Guiana
Cayenne Pepper,Caribbean,French Guiana
Cayenne Pepper,Chinese,French Guiana
Cayenne Pepper,Indian,French Guiana
Cayenne Pepper,Mexican,French Guiana
Cayenne Pepper,Pakistani,French Guiana
Cayenne Pepper,Thai,French Guiana
Celery,Cajun,Mediterranean
Celery,Creole,Mediterranean
Celery,German,Mediterranean
Celery,Italian,Mediterranean
Celery,Russian,Mediterranean
Chile De Arbol,Asian,Mexico
Chile De Arbol,Cajun,Mexico
Chile De Arbol,Caribbean,Mexico
Chile De Arbol,Chinese,Mexico
Chile De Arbol,Indian,Mexico
Chile De Arbol,Latin American,Mexico
Chile De Arbol,Mexican,Mexico
Chile De Arbol,Pakistani,Mexico
Chile De Arbol,Southwestern American,Mexico
Chile De Arbol,Thai,Mexico
Chiltepin Pepper,Asian,Mexico
Chiltepin Pepper,Cajun,Mexico
Chiltepin Pepper,Caribbean,Mexico
Chiltepin Pepper,Chinese,Mexico
Chiltepin Pepper,Indian,Mexico
Chiltepin Pepper,Latin American,Mexico
Chiltepin Pepper,Mexican,Mexico
Chiltepin Pepper,Pakistani,Mexico
Chiltepin Pepper,Southwestern American,Mexico
Chiltepin Pepper,Thai,Mexico
Morita Chipotle Chile Peppers,Cajun,Mexico
Morita Chipotle Chile Peppers,Caribbean ,Mexico
Morita Chipotle Chile Peppers,Latin American,Mexico
Morita Chipotle Chile Peppers,Mexican,Mexico
Morita Chipotle Chile Peppers,Southwestern American,Mexico
Christmas Peppercorn Blend,American,India
Christmas Peppercorn Blend,Indian,India
Ceylon Cinnamon,American,Sri Lanka
Ceylon Cinnamon,Chilean,Sri Lanka
Ceylon Cinnamon,Indian,Sri Lanka
Ceylon Cinnamon,Sri Lankan,Sri Lanka
Ceylon Cinnamon,South American,Sri Lanka
Ceylon Cinnamon,Spanish,Sri Lanka
Cloves,Asian,Indonesia
Cloves,Chinese,Indonesia
Cloves,English,Indonesia
Cloves,German,Indonesia
Cloves,Indian,Indonesia
Cloves,Mexican,Indonesia
Cloves,Sri Lankan,Indonesia
Coconut Chips,American,Southeast Asian
Coconut Chips,Asian,Southeast Asian
Coconut Chips,Brazilian,Southeast Asian
Coconut Chips,Caribbean,Southeast Asian
Coconut Chips,Indian,Southeast Asian
Coconut Chips,Indonesian,Southeast Asian
Coconut Chips,Malaysian,Southeast Asian
Coconut Chips,Southeast Asian,Southeast Asian
Coconut Chips,Thai,Southeast Asian
Coconut Chips,Vietnamese,Southeast Asian
Fancy Shredded Coconut,American,Philippines
Fancy Shredded Coconut,Asian,Philippines
Fancy Shredded Coconut,Brazilian,Philippines
Fancy Shredded Coconut,Caribbean,Philippines
Fancy Shredded Coconut,Indian,Philippines
Fancy Shredded Coconut,Indonesian,Philippines
Fancy Shredded Coconut,Malaysian,Philippines
Fancy Shredded Coconut,Southeast Asian,Philippines
Fancy Shredded Coconut,Thai,Philippines
Fancy Shredded Coconut,Vietnamese,Philippines
Coffee Chile Spice Rub,American,United States of America
Coriander,Indian,Italy
Coriander,Latin American,Italy
Coriander,Mediterranean,Italy
Coriander,Mexican,Italy
Coriander,Middle Eastern,Italy
Coriander,Moroccan,Italy
Coriander,North African,Italy
Coriander,American,Italy
Coriander,Canadian,Italy
Coriander,Southeast Asian,Italy
Coriander,Vietnamese,Italy
Cracked Coriander,American,Italy
Cracked Coriander,Asian,Italy
Cracked Coriander,Indian,Italy
Cracked Coriander,Latin American,Italy
Cracked Coriander,Mediterranean,Italy
Cracked Coriander,Mexican,Italy
Cracked Coriander,Middle Eastern,Italy
Cracked Coriander,Moroccan,Italy
Cracked Coriander,North African,Italy
Cracked Coriander,Canadian,Italy
Cracked Coriander,Southeast Asian,Italy
Cracked Coriander,Southwestern American,Italy
Cracked Coriander,Vietnamese,Italy
Cream of Tartar,American,Iran
Cream of Tartar,European,Iran
Cumin Seeds,American,Mediterranean
Cumin Seeds,Indian,Mediterranean
Cumin Seeds,Indonesian,Mediterranean
Cumin Seeds,Mexican,Mediterranean
Cumin Seeds,Moroccan,Mediterranean
Cumin Seeds,Portuguese,Mediterranean
Cumin Seeds,Spanish,Mediterranean
Cumin Seeds,Tex-Mex,Mediterranean
Cumin Seeds,Thai,Mediterranean
Cumin Seeds,Vietnamese,Mediterranean
Cumin Powder,Indian,Mediterranean
Cumin Powder,Indonesian,Mediterranean
Cumin Powder,Mexican,Mediterranean
Cumin Powder,Moroccan,Mediterranean
Cumin Powder,Portuguese,Mediterranean
Cumin Powder,Spanish,Mediterranean
Cumin Powder,Tex-Mex,Mediterranean
Cumin Powder,Thai,Mediterranean
Cumin Powder,Vietnamese,Mediterranean
Cajun Seasoning,Cajun,Cajun
Candy Cap Mushrooms,American,United States of America
Candy Cap Mushrooms,Asian,United States of America
Candy Cap Mushrooms,Chinese,United States of America
Candy Cap Mushrooms,European,United States of America
Candy Cap Mushrooms,French,United States of America
Cape Cod Seasoning,American,United States of America
Black Cardamom Pods,Asian,China
Black Cardamom Pods,Indian,China
Black Cardamom Pods,Indonesian,China
Black Cardamom Pods,North African,China
Black Cardamom Pods,Scandinavian,China
Ground Carom Seeds,Egyptian,India
Ground Carom Seeds,Indian,India
Ground Carom Seeds,Iranian,India
Ground Carom Seeds,Middle Eastern,India
Ground Carom Seeds,Pakistani,India
Champignon White Button Mushrooms,Asian,North American
Champignon White Button Mushrooms,Chinese,North American
Champignon White Button Mushrooms,European,North American
Champignon White Button Mushrooms,French,North American
Chervil,European,Cuisine of the Caucasus
Chervil,French,Cuisine of the Caucasus
Chile Verde Salt,Indian,India
Chimichurri Blend,Argentinian,Argentina
Chimichurri Blend,Bolivian,Argentina
Chimichurri Blend,Brazilian,Argentina
Chimichurri Blend,Ecuadorian,Argentina
Chimichurri Blend,Mexican,Argentina
Chimichurri Blend,Nicaraguan,Argentina
Chimichurri Blend,Uruguayan,Argentina
Brown Chipotle Chili Powder,Cajun,Mexico
Brown Chipotle Chili Powder,Caribbean,Mexico
Brown Chipotle Chili Powder,Latin American,Mexico
Brown Chipotle Chili Powder,Mexican,Mexico
Brown Chipotle Chili Powder,Tex-Mex,Mexico
Brown Chipotle Chili Powder,Thai,Mexico
Chive,American,European
Chive,Asian,European
Chive,Chinese,European
Chive,European,European
Chive,Indian,European
Cilantro Flakes,American,Mediterranean
Cilantro Flakes,Asian,Mediterranean
Cilantro Flakes,Caribbean,Mediterranean
Cilantro Flakes,Indian,Mediterranean
Cilantro Flakes,Latin American,Mediterranean
Cilantro Flakes,Mexican,Mediterranean
Cilantro Flakes,Vietnamese,Mediterranean
Cinnamon Sticks,American,Indonesia
Cinnamon Sticks,Chinese,Indonesia
Cinnamon Sticks,Indian,Indonesia
Cinnamon Sticks,Indonesian,Indonesia
Cinnamon Sticks,Mexican,Indonesia
Cinnamon Sticks,Spanish,Indonesia
Korintje Cinnamon,American,Indonesia
Korintje Cinnamon,Asian,Indonesia
Korintje Cinnamon,Indian,Indonesia
Korintje Cinnamon,Mexican,Indonesia
Korintje Cinnamon,Moroccan,Indonesia
Korintje Cinnamon,South American,Indonesia
Korintje Cinnamon,Spanish,Indonesia
Whole Cloves,Asian,Indonesia
Whole Cloves,Chinese,Indonesia
Whole Cloves,English,Indonesia
Macaroon Coconut,Asian,Philippines
Macaroon Coconut,Brazilian,Philippines
Macaroon Coconut,Caribbean,Philippines
Macaroon Coconut,Filipino,Philippines
Macaroon Coconut,Indian,Philippines
Macaroon Coconut,Indonesian,Philippines
Macaroon Coconut,Malaysian,Philippines
Macaroon Coconut,Southeast Asian,Philippines
Macaroon Coconut,Thai,Philippines
Macaroon Coconut,Vietnamese,Philippines
Cubeb Pepper,Arabic,Indonesia
Cubeb Pepper,Asian,Indonesia
Cubeb Pepper,Chinese,Indonesia
Cubeb Pepper,Indian,Indonesia
Cubeb Pepper,Indonesian,Indonesia
Cubeb Pepper,Moroccan,Indonesia
Calabrian Chile Peppers,Italian,Italy
Green Cardamom Pods,Asian,India
Green Cardamom Pods,Indian,India
Green Cardamom Pods,Indonesian,India
Green Cardamom Pods,North African,India
Green Cardamom Pods,Scandinavian,India
Ground Cardamom,Guatemalan,India
Cascabel Chile Peppers,Asian,Mexico
Cascabel Chile Peppers,Cajun,Mexico
Cascabel Chile Peppers,Caribbean,Mexico
Cascabel Chile Peppers,Chinese,Mexico
Cascabel Chile Peppers,Indian,Mexico
Cascabel Chile Peppers,Latin American,Mexico
Cascabel Chile Peppers,Mexican,Mexico
Cascabel Chile Peppers,Pakistani,Mexico
Cascabel Chile Peppers,Southwestern American,Mexico
Cascabel Chile Peppers,American,Mexico
Cascabel Chile Peppers,Thai,Mexico
Cauliflower Mushrooms,American,China
Cauliflower Mushrooms,Asian,China
Cauliflower Mushrooms,Chinese,China
Cauliflower Mushrooms,French,China
Cauliflower Mushrooms,Indian,China
Cauliflower Mushrooms,Japanese,China
Celery Seed,American,European
Celery Seed,Cajun,European
Celery Seed,Creole,European
Celery Seed,German,European
Celery Seed,Italian,European
Celery Seed,Russian,European
Chanterelle Mushrooms,American,United States of America
Chanterelle Mushrooms,Asian,United States of America
Chanterelle Mushrooms,Chinese,United States of America
Chanterelle Mushrooms,European,United States of America
Chanterelle Mushrooms,French,United States of America
Chile De Arbol Powder,Asian,Mexico
Chile De Arbol Powder,Caribbean,Mexico
Chile De Arbol Powder,Chinese,Mexico
Chile De Arbol Powder,Mexican,Mexico
Chile De Arbol Powder,Southwestern American,Mexico
Chile De Arbol Powder,Thai,Mexico
Chili Powder,American,Latin American
Chili Powder,Asian,Latin American
Chili Powder,Mexican,Latin American
Chili Powder,Southwestern American,Latin American
Brown Chipotle Chile Peppers,Cajun,Mexico
Brown Chipotle Chile Peppers,Caribbean,Mexico
Brown Chipotle Chile Peppers,Latin American,Mexico
Brown Chipotle Chile Peppers,Mexican,Mexico
Brown Chipotle Chile Peppers,Southwestern American,Mexico
Chipotle Creole Spice Rub,Cajun,United States of America
Chipotle Creole Spice Rub,Creole,United States of America
Saigon cinnamon,American,Vietnam
Saigon cinnamon,Asian,Vietnam
Saigon cinnamon,Indian,Vietnam
Saigon cinnamon,South American,Vietnam
Saigon cinnamon,Southeast Asian,Vietnam
Saigon cinnamon,Vietnamese,Vietnam
Cocoa Nibs,American,South American
Cocoa Nibs,Latin American,South American
Cocoa Nibs,Mexican,South American
Daikon Radish Seeds,American,China
Dill ,European,West Asian
Dill ,German,West Asian
Dill ,Greek,West Asian
Dill ,Mediterranean,West Asian
Dill ,Middle Eastern,West Asian
Dill ,American,West Asian
Dill ,Canadian,West Asian
Dill ,Russian,West Asian
Dill ,Scandinavian,West Asian
Dill ,Turkish,West Asian
Dry Mexican Mole Spice Blend,Mexican,Mexico
Dry Mexican Mole Spice Blend,Tex-Mex,Mexico
Indian Dill Seed,European,India
Indian Dill Seed,German,India
Indian Dill Seed,Greek,India
Indian Dill Seed,Mediterranean,India
Indian Dill Seed,Middle Eastern,India
Indian Dill Seed,American,India
Indian Dill Seed,Russian,India
Indian Dill Seed,Scandinavian,India
Dark Cocoa Powder,American,South American
Dark Cocoa Powder,Latin American,South American
Dark Cocoa Powder,Mexican,South American
Enoki Mushrooms,Asian,Japan
Enoki Mushrooms,Chinese,Japan
Enoki Mushrooms,European,Japan
Enoki Mushrooms,French,Japan
Enoki Mushrooms,Japanese,Japan
Fennel,American,European
Fennel,Asian,European
Fennel,Chinese,European
Fennel,French,European
Fennel,Jamaican,European
Fennel,Mediterranean,European
Fennel,Moroccan,European
Fenugreek,Ethiopian,Mediterranean
Fenugreek,Indian,Mediterranean
Fenugreek Leaves,Albanian,Mediterranean
Fenugreek Leaves,European,Mediterranean
Fenugreek Leaves,French,Mediterranean
Fenugreek Leaves,Greek,Mediterranean
Fenugreek Leaves,Indian,Mediterranean
Fenugreek Leaves,Italian,Mediterranean
Fenugreek Leaves,Mediterranean,Mediterranean
Fleur de Sel,French,France
Galangal,African,Southeast Asian
Galangal,Asian,Southeast Asian
Galangal,Moroccan,Southeast Asian
Galangal,North African,Southeast Asian
Galangal,Southeast Asian,Southeast Asian
Galangal,Thai,Southeast Asian
Garlic Powder,Asian,Central Asian
Garlic Powder,Cajun,Central Asian
Garlic Powder,Chinese,Central Asian
Garlic Powder,Creole,Central Asian
Garlic Powder,French,Central Asian
Garlic Powder,Greek,Central Asian
Garlic Powder,Indian,Central Asian
Garlic Powder,Italian,Central Asian
Garlic Powder,Korean,Central Asian
Garlic Powder,Mediterranean,Central Asian
Garlic Powder,Mexican,Central Asian
Garlic Powder,Middle Eastern,Central Asian
Garlic Powder,Moroccan,Central Asian
Garlic Powder,Thai,Central Asian
Garlic Powder,Vietnamese,Central Asian
Granulated Garlic,Cajun,Central Asian
Granulated Garlic,Chinese,Central Asian
Granulated Garlic,Creole,Central Asian
Granulated Garlic,French,Central Asian
Granulated Garlic,Greek,Central Asian
Granulated Garlic,Indian,Central Asian
Granulated Garlic,Italian,Central Asian
Granulated Garlic,Korean,Central Asian
Granulated Garlic,Mediterranean,Central Asian
Granulated Garlic,Mexican,Central Asian
Granulated Garlic,Middle Eastern,Central Asian
Granulated Garlic,Moroccan,Central Asian
Granulated Garlic,Thai,Central Asian
Granulated Garlic,Vietnamese,Central Asian
Ghost Pepper,Asian,India
Ghost Pepper,Cajun,India
Ghost Pepper,Caribbean,India
Ghost Pepper,Chinese,India
Ghost Pepper,Indian,India
Ghost Pepper,Latin American,India
Ghost Pepper,Mexican,India
Ghost Pepper,Pakistani,India
Ghost Pepper,Southwestern American,India
Ghost Pepper,Thai,India
Ginger Powder,Arabic,Southeast Asian
Ginger Powder,Asian,Southeast Asian
Ginger Powder,Chinese,Southeast Asian
Ginger Powder,European,Southeast Asian
Ginger Powder,Indian,Southeast Asian
Ginger Powder,Indonesian,Southeast Asian
Ginger Powder,Japanese,Southeast Asian
Ginger Powder,Middle Eastern,Southeast Asian
Ginger Powder,Moroccan,Southeast Asian
Ginger Powder,North African,Southeast Asian
Ginger Powder,Thai,Southeast Asian
Ginger Powder,Vietnamese,Southeast Asian
Crystallized Ginger,Asian,Southeast Asian
Crystallized Ginger,Indian,Southeast Asian
Amchoor,Asian,India
Amchoor,Indian,India
Amchoor,Southeast Asian,India
Green Serrano Chile Powder,Asian,Mexico
Green Serrano Chile Powder,Cajun,Mexico
Green Serrano Chile Powder,Caribbean,Mexico
Green Serrano Chile Powder,Chinese,Mexico
Green Serrano Chile Powder,Indian,Mexico
Green Serrano Chile Powder,Latin American,Mexico
Green Serrano Chile Powder,Mexican,Mexico
Green Serrano Chile Powder,Pakistani,Mexico
Green Serrano Chile Powder,Southwestern American,Mexico
Green Serrano Chile Powder,Thai,Mexico
Guajillo Chile Powder,Latin American,Mexico
Guajillo Chile Powder,Mexican,Mexico
Guajillo Chile Powder,Southwestern American,Mexico
Guajillo Chile Powder,Tex-Mex,Mexico
Guajillo Chiles,Asian,Mexico
Guajillo Chiles,Cajun,Mexico
Guajillo Chiles,Caribbean,Mexico
Guajillo Chiles,Chinese,Mexico
Guajillo Chiles,Indian,Mexico
Guajillo Chiles,Latin American,Mexico
Guajillo Chiles,Mexican,Mexico
Guajillo Chiles,Pakistani,Mexico
Guajillo Chiles,Southwestern American,Mexico
Guajillo Chiles,Thai,Mexico
Garam Masala,Indian,India
Ginger Root,Arabic,Southeast Asian
Ginger Root,Asian,Southeast Asian
Ginger Root,Chinese,Southeast Asian
Ginger Root,European,Southeast Asian
Ginger Root,Indian,Southeast Asian
Ginger Root,Indonesian,Southeast Asian
Ginger Root,Japanese,Southeast Asian
Ginger Root,Middle Eastern,Southeast Asian
Ginger Root,Moroccan,Southeast Asian
Ginger Root,North African,Southeast Asian
Ginger Root,Russian,Southeast Asian
Ginger Root,Thai,Southeast Asian
Ginger Root,Vietnamese,Southeast Asian
Melegueta Pepper,African,Ghana
Melegueta Pepper,Nigerian,Ghana
Green Peppercorns,American,India
Green Peppercorns,Asian,India
Green Peppercorns,European,India
Green Peppercorns,Indian,India
Garlic Pepper Steak Seasoning,American,United States of America
Ghost Pepper Powder,Asian,India
Ghost Pepper Powder,Cajun,India
Ghost Pepper Powder,Caribbean,India
Ghost Pepper Powder,Chinese,India
Ghost Pepper Powder,Indian,India
Ghost Pepper Powder,Latin American,India
Ghost Pepper Powder,Mexican,India
Ghost Pepper Powder,Pakistani,India
Ghost Pepper Powder,Southwestern American,India
Ghost Pepper Powder,Thai,India
Ghost Pepper Powder,American,India
Grapefruit Powder,Greek,Barbados
Grapefruit Powder,Mediterranean,Barbados
Grapefruit Powder,Middle Eastern,Barbados
Grapefruit Powder,Moroccan,Barbados
Gumbo File Powder,American,North American
Gumbo File Powder,Cajun,North American
Gumbo File Powder,Creole,North American
Habanero Pepper,Asian,Mexico
Habanero Pepper,Cajun,Mexico
Habanero Pepper,Caribbean,Mexico
Habanero Pepper,Chinese,Mexico
Habanero Pepper,Indian,Mexico
Habanero Pepper,Latin American,Mexico
Habanero Pepper,Mexican,Mexico
Habanero Pepper,Pakistani,Mexico
Habanero Pepper,Southwestern American,Mexico
Habanero Pepper,Thai,Mexico
Harissa Spice Blend,European,Tunisia
Harissa Spice Blend,Moroccan,Tunisia
Harissa Spice Blend,North African,Tunisia
Hickory Steak Seasoning,American,United States of America
Honey Powder,American,European
Honey Powder,Asian,European
Honey Powder,Chinese,European
Honey Powder,Greek,European
Honey Powder,Middle Eastern,European
Honey Powder,Moroccan,European
Honey Powder,Turkish,European
Hot Chili Powder,American,South American
Hot Chili Powder,Cajun,South American
Hot Chili Powder,Caribbean,South American
Hot Chili Powder,Mexican,South American
Hot Chili Powder,Southwestern American,South American
Hot Chili Powder,Tex-Mex,South American
Habanero Powder,Cajun,Mexico
Habanero Powder,Caribbean,Mexico
Habanero Powder,Mexican,Mexico
Habanero Powder,Southwestern American,Mexico
Habanero Powder,Tex-Mex,Mexico
Habanero Powder,Thai,Mexico
Horseradish Powder,Austrian,West Asian
Horseradish Powder,European,West Asian
Horseradish Powder,German,West Asian
Horseradish Powder,Russian,West Asian
Italian Herb Seasoning,European,Italy
Italian Herb Seasoning,Italian,Italy
Jalapeno Chili Powder,Cajun,Mexico
Jalapeno Chili Powder,Latin American,Mexico
Jalapeno Chili Powder,Southwestern American,Mexico
Jalapeno Chili Powder,Tex-Mex,Mexico
Japones Chile Peppers,Asian,Mexico
Japones Chile Peppers,Cajun,Mexico
Japones Chile Peppers,Caribbean,Mexico
Japones Chile Peppers,Chinese,Mexico
Japones Chile Peppers,Indian,Mexico
Japones Chile Peppers,Latin American,Mexico
Japones Chile Peppers,Mexican,Mexico
Japones Chile Peppers,Pakistani,Mexico
Japones Chile Peppers,Southwestern American,Mexico
Japones Chile Peppers,Thai,Mexico
Jerk Seasoning,Caribbean,Jamaica
Jerk Seasoning,Jamaican,Jamaica
Jamaican Jerk Seasoning,Caribbean,Jamaica
Jamaican Jerk Seasoning,Jamaican,Jamaica
Juniper Berries,Alsatian,European
Juniper Berries,German,European
Juniper Berries,Mediterranean,European
Juniper Berries,Scandinavian,European
Japanese Yellow Curry Powder,Japanese,Japan
Kabsa Spice Mix,Arabic,Saudia Arabia
Kabsa Spice Mix,Middle Eastern,Saudia Arabia
King Trumpet Mushrooms,American,Mediterranean
King Trumpet Mushrooms,Asian,Mediterranean
King Trumpet Mushrooms,Chinese,Mediterranean
King Trumpet Mushrooms,European,Mediterranean
King Trumpet Mushrooms,French,Mediterranean
Kaffir Lime Leaves,Indian,Southeast Asian
Kaffir Lime Leaves,Indonesian,Southeast Asian
Kaffir Lime Leaves,Thai,Southeast Asian
Korean Black Garlic Seasoning,American,Korean
Korean Black Garlic Seasoning,Asian,Korean
Korean Black Garlic Seasoning,Korean,Korean
Korean Red Chili Pepper Flakes,Asian,Korean
Korean Red Chili Pepper Flakes,Chinese,Korean
Korean Red Chili Pepper Flakes,Korean,Korean
Granulated Lemon Peel,American,India
Granulated Lemon Peel,Greek,India
Granulated Lemon Peel,Mediterranean,India
Granulated Lemon Peel,Middle Eastern,India
Granulated Lemon Peel,Moroccan,India
Long Pepper,Asian,India
Long Pepper,Indian,India
Long Pepper,Indonesian,India
Long Pepper,Southeast Asian,India
Long Pepper,Thai,India
Dried Lavender,French,European
Lemon Juice Powder,Greek,India
Lemon Juice Powder,Mediterranean,India
Lemon Juice Powder,Middle Eastern,India
Lemon Juice Powder,Moroccan,India
Lemon Pepper Seasoning,American,India
Lemon Pepper Seasoning,Indian,India
Lion's Mane Mushrooms,Asian,Asian
Lemongrass Powder,Asian,Southeast Asian
Lemongrass Powder,Indonesian,Southeast Asian
Lemongrass Powder,Malaysian,Southeast Asian
Lemongrass Powder,Southeast Asian,Southeast Asian
Lemongrass Powder,Thai,Southeast Asian
Lemongrass Powder,Vietnamese,Southeast Asian
Lime Juice Powder,Greek,Indonesia
Lime Juice Powder,Mediterranean,Indonesia
Lime Juice Powder,Middle Eastern,Indonesia
Lime Juice Powder,Moroccan,Indonesia
Lobster Mushrooms,American,United States of America
Lobster Mushrooms,Asian,United States of America
Lobster Mushrooms,Chinese,United States of America
Lobster Mushrooms,European,United States of America
Lobster Mushrooms,French,United States of America
Mace,Asian,Indonesia
Mace,English,Indonesia
Mace,French,Indonesia
Matsutake Mushrooms,American,Japan
Matsutake Mushrooms,Asian,Japan
Matsutake Mushrooms,Chinese,Japan
Matsutake Mushrooms,European,Japan
Matsutake Mushrooms,French,Japan
Granulated Molasses,American,Caribbean
Granulated Molasses,European,Caribbean
Granulated Molasses,Canadian,Caribbean
Granulated Molasses,Caribbean,Caribbean
Mousseron Mushrooms,American,Bulgaria
Mousseron Mushrooms,Asian,Bulgaria
Mousseron Mushrooms,Bulgarian,Bulgaria
Mousseron Mushrooms,Chinese,Bulgaria
Mousseron Mushrooms,European,Bulgaria
Mousseron Mushrooms,French,Bulgaria
Brown Mustard Seeds,French,India
Brown Mustard Seeds,German,India
Brown Mustard Seeds,Indian,India
Brown Mustard Seeds,Italian,India
Brown Mustard Seeds,Mediterranean,India
Brown Mustard Seeds,Scandinavian,India
Maitake Mushrooms,American,North American
Maitake Mushrooms,Asian,North American
Maitake Mushrooms,Chinese,North American
Maitake Mushrooms,European,North American
Maitake Mushrooms,French,North American
Mediterranean Spice Blend,Mediterranean,Mediterranean
Mild Chile Threads,Asian,Korean
Mild Chile Threads,Cajun,Korean
Mild Chile Threads,Caribbean,Korean
Mild Chile Threads,Chinese,Korean
Mild Chile Threads,Indian,Korean
Mild Chile Threads,Korean,Korean
Mild Chile Threads,Latin American,Korean
Mild Chile Threads,Pakistani,Korean
Mild Chile Threads,Southwestern American,Korean
Mild Chile Threads,Thai,Korean
Morel Mushrooms,American,North American
Morel Mushrooms,Asian,North American
Morel Mushrooms,Chinese,North American
Morel Mushrooms,European,North American
Morel Mushrooms,French,North American
Mulato Chile Peppers,Asian,Mexico
Mulato Chile Peppers,Cajun,Mexico
Mulato Chile Peppers,Carr,Mexico
Mulato Chile Peppers,Chinese,Mexico
Mulato Chile Peppers,Indian,Mexico
Mulato Chile Peppers,Latin American,Mexico
Mulato Chile Peppers,Mexican,Mexico
Mulato Chile Peppers,Pakistani,Mexico
Mulato Chile Peppers,Southwestern American,Mexico
Mulato Chile Peppers,Thai,Mexico
Mustard Powder,French,France
Mustard Powder,German,France
Mustard Powder,Indian,France
Mustard Powder,Italian,France
Mustard Powder,Mediterranean,France
Mustard Powder,Scandinavian,France
Yellow Mustard Seeds,Scandinavian,Mediterranean
Marjoram,French,West Asian
Marjoram,Italian,West Asian
Marjoram,Mediterranean,West Asian
Marjoram,Middle Eastern,West Asian
Marjoram,North African,West Asian
Marjoram,American,West Asian
Marjoram,Canadian,West Asian
Black Mustard Seeds,French,North African
Black Mustard Seeds,German,North African
Black Mustard Seeds,Indian,North African
Black Mustard Seeds,Italian,North African
Black Mustard Seeds,Mediterranean,North African
Black Mustard Seeds,Scandinavian,North African
Black Mustard Seeds,North African,North African
Nameko Mushrooms,Asian,Asian
Nameko Mushrooms,Chinese,Asian
Nameko Mushrooms,European,Asian
Nameko Mushrooms,French,Asian
New Mexico Chiles,American,United States of America
New Mexico Chiles,Asian,United States of America
New Mexico Chiles,Cajun,United States of America
New Mexico Chiles,Caribbean,United States of America
New Mexico Chiles,Chinese,United States of America
New Mexico Chiles,Indian,United States of America
New Mexico Chiles,Latin American,United States of America
New Mexico Chiles,Mexican,United States of America
New Mexico Chiles,Pakistani,United States of America
New Mexico Chiles,Southwestern American,United States of America
New Mexico Chiles,Thai,United States of America
Nigella Seeds,Austrian,Asian
Nigella Seeds,English,Asian
Nigella Seeds,European,Asian
Nigella Seeds,German,Asian
Nigella Seeds,Hungarian,Asian
Nigella Seeds,Moroccan,Asian
Ground Nutmeg,Asian,Indonesia
Ground Nutmeg,Caribbean,Indonesia
Ground Nutmeg,Chinese,Indonesia
Ground Nutmeg,German,Indonesia
Ground Nutmeg,Indian,Indonesia
Ground Nutmeg,Italian,Indonesia
Ground Nutmeg,Latin American,Indonesia
Ground Nutmeg,Middle Eastern,Indonesia
Ground Nutmeg,Scandinavian,Indonesia
Ground Nutmeg,Southeast Asian,Indonesia
Whole Nutmeg,Asian,Indonesia
Whole Nutmeg,Chinese,Indonesia
Whole Nutmeg,German,Indonesia
Whole Nutmeg,Greek,Indonesia
Whole Nutmeg,Indian,Indonesia
Whole Nutmeg,Latin American,Indonesia
Whole Nutmeg,Southeast Asian,Indonesia
Nora Chile Peppers,Asian,Spain
Nora Chile Peppers,Cajun,Spain
Nora Chile Peppers,Caribbean,Spain
Nora Chile Peppers,Chinese,Spain
Nora Chile Peppers,Indian,Spain
Nora Chile Peppers,Latin American,Spain
Nora Chile Peppers,Mexican,Spain
Nora Chile Peppers,Pakistani,Spain
Nora Chile Peppers,Southwestern American,Spain
Nora Chile Peppers,Thai,Spain
New Mexico Chili Powder,Cajun,United States of America
New Mexico Chili Powder,Caribbean,United States of America
New Mexico Chili Powder,Latin American,United States of America
New Mexico Chili Powder,Mexican,United States of America
New Mexico Chili Powder,Southwestern American,United States of America
Onion Powder,American,Central Asian
Onion Powder,Asian,Central Asian
Onion Powder,European,Central Asian
Onion Powder,Mexican,Central Asian
Onion Powder,Middle Eastern,Central Asian
Toasted Onion Powder,African,Central Asian
Toasted Onion Powder,American,Central Asian
Toasted Onion Powder,Asian,Central Asian
Toasted Onion Powder,European,Central Asian
Toasted Onion Powder,Latin American,Central Asian
Toasted Onion Powder,Middle Eastern,Central Asian
Minced Onion,American,Central Asian
Minced Onion,Asian,Central Asian
Minced Onion,European,Central Asian
Minced Onion,Mexican,Central Asian
Minced Onion,Middle Eastern,Central Asian
Mediterranean Oregano,Greek,Mediterranean
Mediterranean Oregano,Italian,Mediterranean
Mediterranean Oregano,Mediterranean,Mediterranean
Mediterranean Oregano,Mexican,Mediterranean
Mediterranean Oregano,Spanish,Mediterranean
Mediterranean Oregano,Tex-Mex,Mediterranean
Mediterranean Oregano,Turkish,Mediterranean
Granulated Dried Orange Peel,American,Asian
Granulated Dried Orange Peel,Italian,Asian
Mexican Greek-cut Oregano ,American,Mexico
Mexican Greek-cut Oregano ,Greek,Mexico
Mexican Greek-cut Oregano ,Italian,Mexico
Mexican Greek-cut Oregano ,Malaysian,Mexico
Mexican Greek-cut Oregano ,Mexican,Mexico
Mexican Greek-cut Oregano ,Tex-Mex,Mexico
Dried Oyster Mushrooms,American,Germany
Dried Oyster Mushrooms,Asian,Germany
Dried Oyster Mushrooms,Chinese,Germany
Dried Oyster Mushrooms,European,Germany
Dried Oyster Mushrooms,French,Germany
Ground Oregano ,Greek,Mediterranean
Ground Oregano ,Italian,Mediterranean
Ground Oregano ,Mediterranean,Mediterranean
Ground Oregano ,Mexican,Mediterranean
Ground Oregano ,Spanish,Mediterranean
Ground Oregano ,Tex-Mex,Mediterranean
Ground Mexican Oregano,Greek,Mexico
Ground Mexican Oregano,Italian,Mexico
Ground Mexican Oregano,Mediterranean,Mexico
Ground Mexican Oregano,Mexican,Mexico
Ground Mexican Oregano,Spanish,Mexico
Ground Mexican Oregano,Tex-Mex,Mexico
Dried Paddy Straw Mushrooms,Asian,China
Dried Paddy Straw Mushrooms,Chinese,China
Dried Paddy Straw Mushrooms,European,China
Dried Paddy Straw Mushrooms,French,China
Dried Paddy Straw Mushrooms,Southeast Asian,China
Bittersweet Smoked Hungarian Paprika,Cajun,Hungary
Bittersweet Smoked Hungarian Paprika,Hungarian,Hungary
Bittersweet Smoked Hungarian Paprika,Indian,Hungary
Bittersweet Smoked Hungarian Paprika,Middle Eastern,Hungary
Bittersweet Smoked Hungarian Paprika,Moroccan,Hungary
Bittersweet Smoked Hungarian Paprika,Spanish,Hungary
Bittersweet Smoked Hungarian Paprika,Turkish,Hungary
Parsley Flakes,French,Mediterranean
Parsley Flakes,Italian,Mediterranean
Parsley Flakes,Mediterranean,Mediterranean
Parsley Flakes,Middle Eastern,Mediterranean
Parsley Flakes,Moroccan,Mediterranean
Parsley Flakes,Spanish,Mediterranean
Crushed Peppermint,African,European
Crushed Peppermint,American,European
Crushed Peppermint,Asian,European
Crushed Peppermint,Chinese,European
Crushed Peppermint,European,European
Crushed Peppermint,Middle Eastern,European
Crushed Peppermint,North African,European
Crushed Peppermint,Turkish,European
Blue Poppy Seeds,Asian,Mediterranean
Blue Poppy Seeds,Indian,Mediterranean
Blue Poppy Seeds,Mediterranean,Mediterranean
Blue Poppy Seeds,Turkish,Mediterranean
Cepes Porcini Mushrooms,American,Italy
Cepes Porcini Mushrooms,Asian,Italy
Cepes Porcini Mushrooms,Chinese,Italy
Cepes Porcini Mushrooms,European,Italy
Cepes Porcini Mushrooms,French,Italy
Porcini Powder,American,Italy
Porcini Powder,Asian,Italy
Porcini Powder,Chinese,Italy
Porcini Powder,European,Italy
Porcini Powder,French,Italy
Poultry Seasoning Spice Rub,American,United States of America
Poultry Seasoning Spice Rub,European,United States of America
Dried Puya Chile Peppers,Asian,Mexico
Dried Puya Chile Peppers,Cajun,Mexico
Dried Puya Chile Peppers,Caribbean,Mexico
Dried Puya Chile Peppers,Chinese,Mexico
Dried Puya Chile Peppers,Indian,Mexico
Dried Puya Chile Peppers,Latin American,Mexico
Dried Puya Chile Peppers,Mexican,Mexico
Dried Puya Chile Peppers,Pakistani,Mexico
Dried Puya Chile Peppers,Southwestern American,Mexico
Dried Puya Chile Peppers,Thai,Mexico
Paella Seasoning,Spanish,Spain
Paprika,Cajun,Mexico
Paprika,European,Mexico
Paprika,Hungarian,Mexico
Paprika,Indian,Mexico
Paprika,Middle Eastern,Mexico
Paprika,Moroccan,Mexico
Paprika,Spanish,Mexico
Paprika,Turkish,Mexico
Smoked Sweet Hungarian Paprika,Cajun,Hungary
Smoked Sweet Hungarian Paprika,Hungarian,Hungary
Smoked Sweet Hungarian Paprika,Indian,Hungary
Smoked Sweet Hungarian Paprika,Middle Eastern,Hungary
Smoked Sweet Hungarian Paprika,Moroccan,Hungary
Smoked Sweet Hungarian Paprika,Spanish,Hungary
Smoked Sweet Hungarian Paprika,Turkish,Hungary
Pasilla Chili Powder,Asian,Mexico
Pasilla Chili Powder,Cajun,Mexico
Pasilla Chili Powder,Caribbean,Mexico
Pasilla Chili Powder,Chinese,Mexico
Pasilla Chili Powder,Indian,Mexico
Pasilla Chili Powder,Latin American,Mexico
Pasilla Chili Powder,Mexican,Mexico
Pasilla Chili Powder,Pakistani,Mexico
Pasilla Chili Powder,Southwestern American,Mexico
Pasilla Chili Powder,Tex-Mex,Mexico
Pasilla Chili Powder,Thai,Mexico
Dried Pequin Chiles,Asian,Mexico
Dried Pequin Chiles,Cajun,Mexico
Dried Pequin Chiles,Caribbean,Mexico
Dried Pequin Chiles,Chinese,Mexico
Dried Pequin Chiles,Indian,Mexico
Dried Pequin Chiles,Latin American,Mexico
Dried Pequin Chiles,Mexican,Mexico
Dried Pequin Chiles,Pakistani,Mexico
Dried Pequin Chiles,Southwestern American,Mexico
Dried Pequin Chiles,Thai,Mexico
Pink Peppercorns,American,Peru
Pink Peppercorns,Asian,Peru
Pink Peppercorns,Brazilian,Peru
Pink Peppercorns,European,Peru
White Poppy Seeds,Asian,India
White Poppy Seeds,Indian,India
White Poppy Seeds,Mediterranean,India
White Poppy Seeds,Turkish,India
Dried Porcini Mushrooms,American,European
Dried Porcini Mushrooms,Asian,European
Dried Porcini Mushrooms,Chinese,European
Dried Porcini Mushrooms,European,European
Dried Porcini Mushrooms,French,European
Portabella Mushroom Powder,American,Italy
Portabella Mushroom Powder,Asian,Italy
Portabella Mushroom Powder,Chinese,Italy
Portabella Mushroom Powder,European,Italy
Portabella Mushroom Powder,French,Italy
Portabella Mushroom Powder,Italian,Italy
Bengali Five-Spice Panch Phoron,Indian,India
Sweet Hungarian Paprika,Cajun,Hungary
Sweet Hungarian Paprika,Hungarian,Hungary
Sweet Hungarian Paprika,Indian,Hungary
Sweet Hungarian Paprika,Middle Eastern,Hungary
Sweet Hungarian Paprika,Moroccan,Hungary
Sweet Hungarian Paprika,Spanish,Hungary
Sweet Hungarian Paprika,Turkish,Hungary
Hot Smoked Spanish Paprika,Cajun,Spain
Hot Smoked Spanish Paprika,Huna,Spain
Hot Smoked Spanish Paprika,Indian,Spain
Hot Smoked Spanish Paprika,Middle Eastern,Spain
Hot Smoked Spanish Paprika,Moroccan,Spain
Hot Smoked Spanish Paprika,Spanish,Spain
Hot Smoked Spanish Paprika,Turkish,Spain
Pasilla Pepper,Asian,Mexico
Pasilla Pepper,Cajun,Mexico
Pasilla Pepper,Caribbean,Mexico
Pasilla Pepper,Chinese,Mexico
Pasilla Pepper,Indian,Mexico
Pasilla Pepper,Latin American,Mexico
Pasilla Pepper,Mexican,Mexico
Pasilla Pepper,Pakistani,Mexico
Pasilla Pepper,Southwestern American,Mexico
Pasilla Pepper,Thai,Mexico
Porcini Mushroom Rub,American,European
Porcini Mushroom Rub,Asian,European
Porcini Mushroom Rub,European,European
Dried Porcini Mushrooms,American,European
Dried Porcini Mushrooms,Asian,European
Dried Porcini Mushrooms,Chinese,European
Dried Porcini Mushrooms,European,European
Dried Porcini Mushrooms,French,European
Portabella Mushrooms,American,Italy
Portabella Mushrooms,Asian,Italy
Portabella Mushrooms,Chinese,Italy
Portabella Mushrooms,European,Italy
Portabella Mushrooms,French,Italy
Ras El Hanout,Moroccan,North African
Aleppo-Style Red Chili Flakes ,American,Syria
Aleppo-Style Red Chili Flakes ,Asian,Syria
Aleppo-Style Red Chili Flakes ,Chinese,Syria
Aleppo-Style Red Chili Flakes ,Mediterranean,Syria
Aleppo-Style Red Chili Flakes ,Middle Eastern,Syria
Dried Reishi Mushrooms ,American,Asian
Dried Reishi Mushrooms ,Asian,Asian
Dried Reishi Mushrooms ,Chinese,Asian
Dried Reishi Mushrooms ,European,Asian
Dried Reishi Mushrooms ,French,Asian
Crushed Red Pepper,Cajun,South American
Crushed Red Pepper,Creole,South American
Crushed Red Pepper,Indian,South American
Crushed Red Pepper,Italian,South American
Crushed Red Pepper,Mexican,South American
Crushed Red Pepper,Thai,South American
Dried Rosemary,French,Mediterranean
Dried Rosemary,Italian,Mediterranean
Dried Rosemary,Mediterranean,Mediterranean
Raspberry Powder,Greek,European
Raspberry Powder,Mediterranean,European
Raspberry Powder,Middle Eastern,European
Raspberry Powder,Moroccan,European
Ground Rosemary ,French,Mediterranean
Ground Rosemary ,Italian,Mediterranean
Ground Rosemary ,Mediterranean,Mediterranean
Saffron Milk Cap Mushrooms,Indian,European
Saffron Milk Cap Mushrooms,Iranian,European
Saffron Milk Cap Mushrooms,Italian,European
Saffron Milk Cap Mushrooms,Moroccan,European
Saffron Milk Cap Mushrooms,Southeast Asian,European
Star Anise,Asian,China
Star Anise,Chinese,China
Star Anise,Indian,China
Star Anise,Malaysian,China
Star Anise,Vietnamese,China
Spearmint,American,Egypt
Spearmint,Arabic,Egypt
Spearmint,European,Egypt
Spearmint,French,Egypt
Spearmint,German,Egypt
Spearmint,Greek,Egypt
Spearmint,Indian,Egypt
Spearmint,Malaysian,Egypt
Spearmint,Mexican,Egypt
Spearmint,Middle Eastern,Egypt
Spearmint,Moroccan,Egypt
Spearmint,Southeast Asian,Egypt
Spearmint,Spanish,Egypt
Spearmint,Sri Lankan,Egypt
Spearmint,Vietnamese,Egypt
Shallots,European,Asian
Shallots,French,Asian
Szechuan Peppercorns,Caribbean,China
Szechuan Peppercorns,European,China
Szechuan Peppercorns,Indian,China
Szechuan Peppercorns,Italian,China
Szechuan Peppercorns,Mexican,China
Szechuan Peppercorns,Chinese,China
Tandoori Spice,Indian,Iran
Thyme,French,Mediterranean
Thyme,Greek,Mediterranean
Thyme,Italian,Mediterranean
Thyme,Mediterranean,Mediterranean
Thyme,Spanish,Mediterranean
Red Thai Chili Pepper,Asian,South American
Red Thai Chili Pepper,Cajun,South American
Red Thai Chili Pepper,Caribbean,South American
Red Thai Chili Pepper,Chinese,South American
Red Thai Chili Pepper,Indian,South American
Red Thai Chili Pepper,Latin American,South American
Red Thai Chili Pepper,Mexican,South American
Red Thai Chili Pepper,Pakistani,South American
Red Thai Chili Pepper,Southwestern American,South American
Red Thai Chili Pepper,Thai,South American
Turmeric Powder,Austrian,India
Turmeric Powder,English,India
Turmeric Powder,European,India
Turmeric Powder,German,India
Turmeric Powder,Hungarian,India
Turmeric Powder,Moroccan,India
Wasabi Powder,Asian,Japan
Wasabi Powder,Japanese,Japan
Worcestershire Sauce Powder,American,English
Worcestershire Sauce Powder,Australian,English
Worcestershire Sauce Powder,English,English
Worcestershire Sauce Powder,Canadian,English
Worcestershire Sauce Powder,Indonesian,English
Worcestershire Sauce Powder,Mexican,English
Worcestershire Sauce Powder,Thai,English
Zaatar Spice,Iranian,Middle Eastern
Zaatar Spice,Middle Eastern,Middle Eastern
Zaatar Spice,North African,Middle Eastern
Zaatar Spice,Turkish,Middle Eastern
Wood Ear Mushrooms,Asian,Asian
Wood Ear Mushrooms,Chinese,Asian
Wood Ear Mushrooms,European,Asian
Wood Ear Mushrooms,French,Asian
